{"cameraMode":{"drawMode":0,"name":"Shaded","section":"Shading Mode"},"sceneLighting":false,"audioPlay":false,"sceneViewState":{"showFog":true,"showMaterialUpdate":false,"showSkybox":false,"showFlares":true,"showImageEffects":true,"showParticleSystems":true,"showVisualEffectGraphs":true,"m_FxEnabled":true},"in2DMode":false,"pivot":{"x":0.47426313161849978,"y":-0.14985501766204835,"z":0.03458136320114136},"rotation":{"x":-0.2080635130405426,"y":-0.3048272430896759,"z":0.06843741238117218,"w":-0.9269256591796875},"size":0.5595072507858276,"orthographic":false}