{"cameraMode":{"drawMode":0,"name":"Shaded","section":"Shading Mode"},"sceneLighting":false,"audioPlay":false,"sceneViewState":{"showFog":true,"showMaterialUpdate":false,"showSkybox":false,"showFlares":true,"showImageEffects":true,"showParticleSystems":true,"showVisualEffectGraphs":true,"m_FxEnabled":true},"in2DMode":false,"pivot":{"x":0.39705681800842287,"y":-0.056186214089393619,"z":1.2189757823944092},"rotation":{"x":-0.055330824106931689,"y":-0.12668472528457642,"z":0.007078449707478285,"w":-0.9904115796089172},"size":0.9751949906349182,"orthographic":false}