{"cameraMode":{"drawMode":0,"name":"Shaded","section":"Shading Mode"},"sceneLighting":false,"audioPlay":false,"sceneViewState":{"showFog":true,"showMaterialUpdate":false,"showSkybox":false,"showFlares":true,"showImageEffects":true,"showParticleSystems":true,"showVisualEffectGraphs":true,"m_FxEnabled":true},"in2DMode":false,"pivot":{"x":0.0553152859210968,"y":0.029292821884155275,"z":0.015184134244918824},"rotation":{"x":0.024772709235548974,"y":-0.6887078881263733,"z":-0.023557355627417566,"w":-0.7242916822433472},"size":0.4536229372024536,"orthographic":false}