{"cameraMode":{"drawMode":0,"name":"Shaded","section":"Shading Mode"},"sceneLighting":false,"audioPlay":false,"sceneViewState":{"showFog":true,"showMaterialUpdate":false,"showSkybox":false,"showFlares":true,"showImageEffects":true,"showParticleSystems":true,"showVisualEffectGraphs":true,"m_FxEnabled":true},"in2DMode":false,"pivot":{"x":-0.7255451083183289,"y":-0.057350270450115207,"z":-0.7571424841880798},"rotation":{"x":-0.030217625200748445,"y":0.6010148525238037,"z":-0.022712523117661477,"w":-0.7983888983726502},"size":0.7657603621482849,"orthographic":false}