{"cameraMode":{"drawMode":0,"name":"Shaded","section":"Shading Mode"},"sceneLighting":false,"audioPlay":false,"sceneViewState":{"showFog":true,"showMaterialUpdate":false,"showSkybox":false,"showFlares":true,"showImageEffects":true,"showParticleSystems":true,"showVisualEffectGraphs":true,"m_FxEnabled":true},"in2DMode":false,"pivot":{"x":-0.3502281904220581,"y":0.0748572051525116,"z":-0.2527116537094116},"rotation":{"x":0.002677817828953266,"y":0.09165395051240921,"z":0.0002667989465408027,"w":-0.9958232641220093},"size":0.6711184978485107,"orthographic":false}