{"cameraMode":{"drawMode":0,"name":"Shaded","section":"Shading Mode"},"sceneLighting":false,"audioPlay":false,"sceneViewState":{"showFog":true,"showMaterialUpdate":false,"showSkybox":false,"showFlares":true,"showImageEffects":true,"showParticleSystems":true,"showVisualEffectGraphs":true,"m_FxEnabled":true},"in2DMode":false,"pivot":{"x":0.7046031951904297,"y":1.1104612350463868,"z":37.033729553222659},"rotation":{"x":0.1708264797925949,"y":0.052472781389951709,"z":-0.009161185473203659,"w":0.9839501976966858},"size":0.7083829045295715,"orthographic":false}