{"cameraMode":{"drawMode":0,"name":"Shaded","section":"Shading Mode"},"sceneLighting":false,"audioPlay":false,"sceneViewState":{"showFog":false,"showMaterialUpdate":false,"showSkybox":false,"showFlares":false,"showImageEffects":false,"showParticleSystems":false,"showVisualEffectGraphs":true,"m_FxEnabled":true},"in2DMode":false,"pivot":{"x":0.35438936948776247,"y":1.0736808776855469,"z":-2.085251569747925},"rotation":{"x":0.00017420911171939224,"y":-0.9950353503227234,"z":0.09973352402448654,"w":0.0017878480721265078},"size":2.6518619060516359,"orthographic":false}