{"cameraMode":{"drawMode":0,"name":"Shaded","section":"Shading Mode"},"sceneLighting":false,"audioPlay":false,"sceneViewState":{"showFog":true,"showMaterialUpdate":false,"showSkybox":false,"showFlares":true,"showImageEffects":true,"showParticleSystems":true,"showVisualEffectGraphs":true,"m_FxEnabled":true},"in2DMode":false,"pivot":{"x":-0.0021988749504089357,"y":0.24505150318145753,"z":-0.00861283391714096},"rotation":{"x":0.03170042112469673,"y":0.6779389381408691,"z":0.02931687980890274,"w":-0.7339040040969849},"size":0.6375000476837158,"orthographic":false}