{"cameraMode":{"drawMode":0,"name":"Shaded","section":"Shading Mode"},"sceneLighting":true,"audioPlay":false,"sceneViewState":{"showFog":true,"showMaterialUpdate":false,"showSkybox":true,"showFlares":true,"showImageEffects":true,"showParticleSystems":true,"showVisualEffectGraphs":true,"m_FxEnabled":true},"in2DMode":false,"pivot":{"x":52.690277099609378,"y":57.04709243774414,"z":18.06270980834961},"rotation":{"x":-0.14967428147792817,"y":-0.030549729242920877,"z":0.004625755362212658,"w":-0.988257110118866},"size":22.040061950683595,"orthographic":false}