{"cameraMode":{"drawMode":0,"name":"Shaded","section":"Shading Mode"},"sceneLighting":false,"audioPlay":false,"sceneViewState":{"showFog":true,"showMaterialUpdate":false,"showSkybox":false,"showFlares":true,"showImageEffects":true,"showParticleSystems":true,"showVisualEffectGraphs":true,"m_FxEnabled":true},"in2DMode":false,"pivot":{"x":-0.37951743602752688,"y":-0.08471894264221192,"z":-0.26765862107276919},"rotation":{"x":-0.049025606364011767,"y":0.5810397863388062,"z":-0.03506476432085037,"w":-0.8116844296455383},"size":0.6589678525924683,"orthographic":false}