{"cameraMode":{"drawMode":0,"name":"Shaded","section":"Shading Mode"},"sceneLighting":false,"audioPlay":false,"sceneViewState":{"showFog":true,"showMaterialUpdate":false,"showSkybox":false,"showFlares":true,"showImageEffects":true,"showParticleSystems":true,"showVisualEffectGraphs":true,"m_FxEnabled":true},"in2DMode":false,"pivot":{"x":-1.3147071599960328,"y":-3.4912071228027345,"z":24.391876220703126},"rotation":{"x":-0.16955620050430299,"y":0.022314466536045076,"z":-0.003702343674376607,"w":-0.9853655695915222},"size":13.590206146240235,"orthographic":false}