{"cameraMode":{"drawMode":0,"name":"Shaded","section":"Shading Mode"},"sceneLighting":false,"audioPlay":false,"sceneViewState":{"showFog":true,"showMaterialUpdate":false,"showSkybox":false,"showFlares":true,"showImageEffects":true,"showParticleSystems":true,"showVisualEffectGraphs":true,"m_FxEnabled":true},"in2DMode":false,"pivot":{"x":0.5825362801551819,"y":0.04848456382751465,"z":-14.471843719482422},"rotation":{"x":-0.0007332370150834322,"y":-0.9965088963508606,"z":0.08329929411411286,"w":-0.008673177100718022},"size":9.542915344238282,"orthographic":false}