{"cameraMode":{"drawMode":0,"name":"Shaded","section":"Shading Mode"},"sceneLighting":false,"audioPlay":false,"sceneViewState":{"showFog":true,"showMaterialUpdate":false,"showSkybox":false,"showFlares":true,"showImageEffects":true,"showParticleSystems":true,"showVisualEffectGraphs":true,"m_FxEnabled":true},"in2DMode":false,"pivot":{"x":-0.005850553512573242,"y":0.09333615005016327,"z":0.15699225664138795},"rotation":{"x":-0.07029770314693451,"y":0.5701934695243836,"z":-0.04902981221675873,"w":-0.8170720338821411},"size":0.687458872795105,"orthographic":false}