{"cameraMode":{"drawMode":0,"name":"Shaded","section":"Shading Mode"},"sceneLighting":false,"audioPlay":false,"sceneViewState":{"showFog":true,"showMaterialUpdate":false,"showSkybox":false,"showFlares":true,"showImageEffects":true,"showParticleSystems":true,"showVisualEffectGraphs":true,"m_FxEnabled":true},"in2DMode":false,"pivot":{"x":-0.35624152421951296,"y":-0.08484338223934174,"z":-0.044968605041503909},"rotation":{"x":-0.07499503344297409,"y":0.7068788409233093,"z":-0.0757727399468422,"w":-0.6993073225021362},"size":0.47654080390930178,"orthographic":false}