{"cameraMode":{"drawMode":0,"name":"Shaded","section":"Shading Mode"},"sceneLighting":false,"audioPlay":false,"sceneViewState":{"showFog":true,"showMaterialUpdate":false,"showSkybox":false,"showFlares":true,"showImageEffects":true,"showParticleSystems":true,"showVisualEffectGraphs":true,"m_FxEnabled":true},"in2DMode":false,"pivot":{"x":0.6512479782104492,"y":-1.5596246719360352,"z":0.8027873039245606},"rotation":{"x":-0.18965980410575868,"y":-0.12162061780691147,"z":0.02368677593767643,"w":-0.9740394353866577},"size":2.6408514976501467,"orthographic":false}