{"cameraMode":{"drawMode":0,"name":"Shaded","section":"Shading Mode"},"sceneLighting":false,"audioPlay":false,"sceneViewState":{"showFog":false,"showMaterialUpdate":false,"showSkybox":false,"showFlares":false,"showImageEffects":false,"showParticleSystems":false,"showVisualEffectGraphs":true,"m_FxEnabled":true},"in2DMode":false,"pivot":{"x":0.00000858306884765625,"y":8.540427207946778,"z":0.3191988468170166},"rotation":{"x":0.009711659513413906,"y":-0.9777486324310303,"z":0.0457768514752388,"w":0.2047399878501892},"size":13.418721199035645,"orthographic":false}