{"cameraMode":{"drawMode":0,"name":"Shaded","section":"Shading Mode"},"sceneLighting":false,"audioPlay":false,"sceneViewState":{"showFog":false,"showMaterialUpdate":false,"showSkybox":false,"showFlares":false,"showImageEffects":false,"showParticleSystems":false,"showVisualEffectGraphs":true,"m_FxEnabled":true},"in2DMode":false,"pivot":{"x":0.000003814697265625,"y":8.369029998779297,"z":0.2680063247680664},"rotation":{"x":0.002598891034722328,"y":-0.9965202808380127,"z":0.07669446617364884,"w":0.03381979465484619},"size":13.255645751953125,"orthographic":false}