{"cameraMode":{"drawMode":0,"name":"Shaded","section":"Shading Mode"},"sceneLighting":false,"audioPlay":false,"sceneViewState":{"showFog":true,"showMaterialUpdate":false,"showSkybox":false,"showFlares":true,"showImageEffects":true,"showParticleSystems":true,"showVisualEffectGraphs":true,"m_FxEnabled":true},"in2DMode":false,"pivot":{"x":0.0478176474571228,"y":0.1379670947790146,"z":0.1215432733297348},"rotation":{"x":0.05979928746819496,"y":-0.6526268124580383,"z":-0.051794085651636127,"w":-0.7535952925682068},"size":0.4301944971084595,"orthographic":false}