{"cameraMode":{"drawMode":0,"name":"Shaded","section":"Shading Mode"},"sceneLighting":false,"audioPlay":false,"sceneViewState":{"showFog":true,"showMaterialUpdate":false,"showSkybox":false,"showFlares":true,"showImageEffects":true,"showParticleSystems":true,"showVisualEffectGraphs":true,"m_FxEnabled":true},"in2DMode":false,"pivot":{"x":0.6348031163215637,"y":-0.2182607650756836,"z":0.2530553340911865},"rotation":{"x":-0.0692007839679718,"y":-0.20767216384410859,"z":0.014740691520273686,"w":-0.9756793975830078},"size":0.7700515985488892,"orthographic":false}