{"cameraMode":{"drawMode":0,"name":"Shaded","section":"Shading Mode"},"sceneLighting":false,"audioPlay":false,"sceneViewState":{"showFog":true,"showMaterialUpdate":false,"showSkybox":false,"showFlares":true,"showImageEffects":true,"showParticleSystems":true,"showVisualEffectGraphs":true,"m_FxEnabled":true},"in2DMode":false,"pivot":{"x":7.371472358703613,"y":19.674694061279298,"z":12.202556610107422},"rotation":{"x":-0.30582287907600405,"y":-0.006572073791176081,"z":0.0021108032669872047,"w":-0.9520647525787354},"size":14.934076309204102,"orthographic":false}