{"cameraMode":{"drawMode":0,"name":"Shaded","section":"Shading Mode"},"sceneLighting":false,"audioPlay":false,"sceneViewState":{"showFog":true,"showMaterialUpdate":false,"showSkybox":false,"showFlares":true,"showImageEffects":true,"showParticleSystems":true,"showVisualEffectGraphs":true,"m_FxEnabled":true},"in2DMode":false,"pivot":{"x":0.11905884742736817,"y":0.1578604131937027,"z":0.13579478859901429},"rotation":{"x":-0.07029770314693451,"y":0.5701934695243836,"z":-0.04902981221675873,"w":-0.8170720338821411},"size":0.7024034857749939,"orthographic":false}