{"cameraMode":{"drawMode":0,"name":"Shaded","section":"Shading Mode"},"sceneLighting":false,"audioPlay":false,"sceneViewState":{"showFog":true,"showMaterialUpdate":false,"showSkybox":false,"showFlares":true,"showImageEffects":true,"showParticleSystems":true,"showVisualEffectGraphs":true,"m_FxEnabled":true},"in2DMode":false,"pivot":{"x":-0.23563030362129212,"y":0.030915096402168275,"z":-0.01528102159500122},"rotation":{"x":-0.0347101129591465,"y":0.07367094606161118,"z":-0.0025473462883383037,"w":-0.9967117309570313},"size":0.6876534223556519,"orthographic":false}