{"cameraMode":{"drawMode":0,"name":"Shaded","section":"Shading Mode"},"sceneLighting":false,"audioPlay":false,"sceneViewState":{"showFog":true,"showMaterialUpdate":false,"showSkybox":false,"showFlares":true,"showImageEffects":true,"showParticleSystems":true,"showVisualEffectGraphs":true,"m_FxEnabled":true},"in2DMode":false,"pivot":{"x":-0.1784311980009079,"y":-0.8475205898284912,"z":1.6756596565246583},"rotation":{"x":-0.14971162378787995,"y":0.022519422695040704,"z":-0.003427429823204875,"w":-0.9885086417198181},"size":1.3520259857177735,"orthographic":false}